[
  {
  	"productid":"ape01",
    "productname": "apple",
    "goodstype":"fruit",
    "quantity": 10,
    "costprice": 100.00,
    "sellingprice": 150.00,
    "discount": 5,
    "cgst": 5.0,
    "sgst": 5.0,
    "igst": 0.0
  },
  {
  	"productid":"mge04",
    "productname": "maggie",
    "goodstype":"food",
    "quantity": 23,
    "costprice": 250.00,
    "sellingprice": 350.00,
    "discount": 6,
    "cgst": 4.0,
    "sgst": 2.0,
    "igst": 0.0
  },
  {
  	"productid":"bkt03",
    "productname": "bucket",
    "goodstype":"household",
    "quantity": 15,
    "costprice": 150.00,
    "sellingprice": 180.00,
    "discount": 7,
    "cgst": 5.0,
    "sgst": 5.0,
    "igst": 0.0
  },
  {
  	"productid":"btt03",
    "productname": "bottle",
    "goodstype":"stationary",
    "quantity": 20,
    "costprice": 70.00,
    "sellingprice": 80.00,
    "discount": 0,
    "cgst": 5.0,
    "sgst": 5.0,
    "igst": 0.0
  },
  {
    "productid": "pea01",
    "productname": "pear",
    "goodstype": "fruit",
    "quantity": 15,
    "costprice": 120.00,
    "sellingprice": 140.00,
    "discount": 3,
    "cgst": 5.0,
    "sgst": 5.0,
    "igst": 0.0
  },
  {
    "productid": "rice01",
    "productname": "rice",
    "goodstype": "food",
    "quantity": 50,
    "costprice": 80.00,
    "sellingprice": 100.00,
    "discount": 5,
    "cgst": 5.0,
    "sgst": 5.0,
    "igst": 0.0
  },
  {
    "productid": "dal01",
    "productname": "dal",
    "goodstype": "food",
    "quantity": 40,
    "costprice": 120.00,
    "sellingprice": 150.00,
    "discount": 3,
    "cgst": 5.0,
    "sgst": 5.0,
    "igst": 0.0
  },
  {
    "productid": "ftb03",
    "productname": "football",
    "goodstype": "sports",
    "quantity": 18,
    "costprice": 300.00,
    "sellingprice": 350.00,
    "discount": 5,
    "cgst": 4.0,
    "sgst": 4.0,
    "igst": 0.0
  },
  {
    "productid": "bat01",
    "productname": "cricket bat",
    "goodstype": "sports",
    "quantity": 25,
    "costprice": 450.00,
    "sellingprice": 500.00,
    "discount": 8,
    "cgst": 5.0,
    "sgst": 5.0,
    "igst": 0.0
  },
  {
    "productid": "rkt01",
    "productname": "tennis racket",
    "goodstype": "sports",
    "quantity": 20,
    "costprice": 350.00,
    "sellingprice": 400.00,
    "discount": 6,
    "cgst": 4.0,
    "sgst": 4.0,
    "igst": 0.0
  },
  {
    "productid": "shm01",
    "productname": "shuttlecock",
    "goodstype": "sports",
    "quantity": 30,
    "costprice": 25.00,
    "sellingprice": 30.00,
    "discount": 0,
    "cgst": 3.0,
    "sgst": 3.0,
    "igst": 0.0
  },
  {
    "productid": "milk01",
    "productname": "milk",
    "goodstype": "food",
    "quantity": 60,
    "costprice": 25.00,
    "sellingprice": 30.00,
    "discount": 0,
    "cgst": 4.0,
    "sgst": 2.0,
    "igst": 0.0
  },
  {
    "productid": "ban01",
    "productname": "banana",
    "goodstype": "fruit",
    "quantity": 25,
    "costprice": 80.00,
    "sellingprice": 100.00,
    "discount": 0,
    "cgst": 5.0,
    "sgst": 5.0,
    "igst": 0.0
  },
  {
    "productid": "btt04",
    "productname": "bottle2",
    "goodstype": "stationary",
    "quantity": 15,
    "costprice": 75.00,
    "sellingprice": 85.00,
    "discount": 0,
    "cgst": 5.0,
    "sgst": 5.0,
    "igst": 0.0
  },
  {
    "productid": "pncl01",
    "productname": "pencil",
    "goodstype": "stationary",
    "quantity": 30,
    "costprice": 10.00,
    "sellingprice": 15.00,
    "discount": 10,
    "cgst": 5.0,
    "sgst": 5.0,
    "igst": 0.0
  },
  {
    "productid": "er02",
    "productname": "eraser",
    "goodstype": "stationary",
    "quantity": 25,
    "costprice": 5.00,
    "sellingprice": 8.00,
    "discount": 0,
    "cgst": 5.0,
    "sgst": 5.0,
    "igst": 0.0
  },
  {
    "productid": "gra01",
    "productname": "grape",
    "goodstype": "fruit",
    "quantity": 20,
    "costprice": 150.00,
    "sellingprice": 180.00,
    "discount": 4,
    "cgst": 6.0,
    "sgst": 6.0,
    "igst": 0.0
  }
  
]