[
  {
  	"productid":"ape01",
    "productname": "apple",
    "goodstype":"fruit",
    "quantity": 10,
    "costprice": 100.00,
    "sellingprice": 150.00,
    "discount": 5,
    "cgst": 5.0,
    "sgst": 5.0,
    "igst": 0.0
  },
  {
  	"productid":"mge04",
    "productname": "maggie",
    "goodstype":"food",
    "quantity": 24,
    "costprice": 250.00,
    "sellingprice": 350.00,
    "discount": 6,
    "cgst": 4.0,
    "sgst": 2.0,
    "igst": 0.0
  },
  {
  	"productid":"bkt03",
    "productname": "bucket",
    "goodstype":"household",
    "quantity": 20,
    "costprice": 150.00,
    "sellingprice": 180.00,
    "discount": 7,
    "cgst": 5.0,
    "sgst": 5.0,
    "igst": 0.0
  }
]